ID,activator1,affinity1,activator2,affinity2,ID2,PCR tube,#1,#2,#3,#5,GFPfluorescence1,GFPfluorescence2,GFPfluorescence3,194.0666667,GFPfa1,GFPfa2,GFPfa3
1,cMyc,ZF(WT),cMyc,ZF(WT),1,A,pKC-10,pKC-10,SS,206,382,370,371,,1.968,1.907,1.912
2,cMyc,ZF(WT),cMyc,ZF(5X),2,A,pKC-10,pKC-91,SS,206,394,375,375,,2.03,1.932,1.932
3,cMyc,ZF(WT),cMyc,ZF(7X),3,A,pKC-10,pKC-105,SS,206,394,373,368,,2.03,1.922,1.896
4,cMyc,ZF(5X),cMyc,ZF(WT),4,A,pKC-91,pKC-10,SS,206,420,393,405,,2.164,2.025,2.087
5,cMyc,ZF(5X),cMyc,ZF(5X),5,A,pKC-91,pKC-91,SS,206,427,402,406,,2.2,2.071,2.092
6,cMyc,ZF(5X),cMyc,ZF(7X),6,A,pKC-91,pKC-105,SS,206,391,377,392,,2.015,1.943,2.02
7,cMyc,ZF(7X),cMyc,ZF(WT),7,A,pKC-105,pKC-10,SS,206,367,348,347,,1.891,1.793,1.788
8,cMyc,ZF(7X),cMyc,ZF(5X),8,A,pKC-105,pKC-91,SS,206,357,353,347,,1.84,1.819,1.788
9,cMyc,ZF(7X),cMyc,ZF(7X),9,A,pKC-105,pKC-105,SS,206,348,n/a,307,,1.793,,1.582
10,cMyc,ZF(WT),BRD4,ZF(WT),1,B,pKC-10,pKC-9,SS,206,468,444,443,,2.412,2.288,2.283
11,cMyc,ZF(WT),BRD4,ZF(5X),2,B,pKC-10,pKC-90,SS,206,458,447,440,,2.36,2.303,2.267
12,cMyc,ZF(WT),BRD4,ZF(7X),3,B,pKC-10,pKC-104,SS,206,420,389,388,,2.164,2.004,1.999
13,cMyc,ZF(5X),BRD4,ZF(WT),4,B,pKC-91,pKC-9,SS,206,481,444,451,,2.479,2.288,2.324
14,cMyc,ZF(5X),BRD4,ZF(5X),5,B,pKC-91,pKC-90,SS,206,476,452,479,,2.453,2.329,2.468
15,cMyc,ZF(5X),BRD4,ZF(7X),6,B,pKC-91,pKC-104,SS,206,432,417,429,,2.226,2.149,2.211
16,cMyc,ZF(7X),BRD4,ZF(WT),7,B,pKC-105,pKC-9,SS,206,454,422,421,,2.339,2.175,2.169
17,cMyc,ZF(7X),BRD4,ZF(5X),8,B,pKC-105,pKC-90,SS,206,434,403,420,,2.236,2.077,2.164
18,cMyc,ZF(7X),BRD4,ZF(7X),9,B,pKC-105,pKC-104,SS,206,375,346,372,,1.932,1.783,1.917
19,cMyc,ZF(WT),SP1,ZF(WT),1,C,pKC-10,pKC-14,SS,206,602,601,570,,3.102,3.097,2.937
20,cMyc,ZF(WT),SP1,ZF(5X),2,C,pKC-10,pKC-94,SS,206,708,672,673,,3.648,3.463,3.468
21,cMyc,ZF(WT),SP1,ZF(7X),3,C,pKC-10,pKC-108,SS,206,690,630,621,,3.555,3.246,3.2
22,cMyc,ZF(5X),SP1,ZF(WT),4,C,pKC-91,pKC-14,SS,206,665,626,645,,3.427,3.226,3.324
23,cMyc,ZF(5X),SP1,ZF(5X),5,C,pKC-91,pKC-94,SS,206,698,793,749,,3.597,4.086,3.859
24,cMyc,ZF(5X),SP1,ZF(7X),6,C,pKC-91,pKC-108,SS,206,711,683,692,,3.664,3.519,3.566
25,cMyc,ZF(7X),SP1,ZF(WT),7,C,pKC-105,pKC-14,SS,206,633,565,605,,3.262,2.911,3.117
26,cMyc,ZF(7X),SP1,ZF(5X),8,C,pKC-105,pKC-94,SS,206,728,659,664,,3.751,3.396,3.422
27,cMyc,ZF(7X),SP1,ZF(7X),9,C,pKC-105,pKC-108,SS,206,690,672,648,,3.555,3.463,3.339
28,cMyc,ZF(WT),HSF1m,ZF(WT),1,D,pKC-10,pKC-12,SS,206,673,645,596,,3.468,3.324,3.071
29,cMyc,ZF(WT),HSF1m,ZF(5X),2,D,pKC-10,pKC-93,SS,206,726,689,674,,3.741,3.55,3.473
30,cMyc,ZF(WT),HSF1m,ZF(7X),3,D,pKC-10,pKC-107,SS,206,620,579,593,,3.195,2.984,3.056
31,cMyc,ZF(5X),HSF1m,ZF(WT),4,D,pKC-91,pKC-12,SS,206,729,695,665,,3.756,3.581,3.427
32,cMyc,ZF(5X),HSF1m,ZF(5X),5,D,pKC-91,pKC-93,SS,206,837,784,818,,4.313,4.04,4.215
33,cMyc,ZF(5X),HSF1m,ZF(7X),6,D,pKC-91,pKC-107,SS,206,666,655,686,,3.432,3.375,3.535
34,cMyc,ZF(7X),HSF1m,ZF(WT),7,D,pKC-105,pKC-12,SS,206,638,649,658,,3.288,3.344,3.391
35,cMyc,ZF(7X),HSF1m,ZF(5X),8,D,pKC-105,pKC-93,SS,206,720,702,703,,3.71,3.617,3.622
36,cMyc,ZF(7X),HSF1m,ZF(7X),9,D,pKC-105,pKC-107,SS,206,651,622,648,,3.355,3.205,3.339
37,cMyc,ZF(WT),HSF1,ZF(WT),1,E,pKC-10,pKC-11,SS,206,715,725,714,,3.684,3.736,3.679
38,cMyc,ZF(WT),HSF1,ZF(5X),2,E,pKC-10,pKC-92,SS,206,677,713,691,,3.488,3.674,3.561
39,cMyc,ZF(WT),HSF1,ZF(7X),3,E,pKC-10,pKC-106,SS,206,478,509,514,,2.463,2.623,2.649
40,cMyc,ZF(5X),HSF1,ZF(WT),4,E,pKC-91,pKC-11,SS,206,842,765,816,,4.339,3.942,4.205
41,cMyc,ZF(5X),HSF1,ZF(5X),5,E,pKC-91,pKC-92,SS,206,765,750,785,,3.942,3.865,4.045
42,cMyc,ZF(5X),HSF1,ZF(7X),6,E,pKC-91,pKC-106,SS,206,557,536,543,,2.87,2.762,2.798
43,cMyc,ZF(7X),HSF1,ZF(WT),7,E,pKC-105,pKC-11,SS,206,879,756,771,,4.529,3.896,3.973
44,cMyc,ZF(7X),HSF1,ZF(5X),8,E,pKC-105,pKC-92,SS,206,799,816,772,,4.117,4.205,3.978
45,cMyc,ZF(7X),HSF1,ZF(7X),9,E,pKC-105,pKC-106,SS,206,603,574,562,,3.107,2.958,2.896
46,cMyc,ZF(WT),empty,ZF(WT),1,F,pKC-10,pKC-300,SS,206,319,301,295,,1.644,1.551,1.52
47,cMyc,ZF(WT),empty,ZF(5X),2,F,pKC-10,pKC-302,SS,206,359,338,315,,1.85,1.742,1.623
48,cMyc,ZF(WT),empty,ZF(7X),3,F,pKC-10,pKC-303,SS,206,376,348,336,,1.937,1.793,1.731
49,cMyc,ZF(5X),empty,ZF(WT),4,F,pKC-91,pKC-300,SS,206,319,287,294,,1.644,1.479,1.515
50,cMyc,ZF(5X),empty,ZF(5X),5,F,pKC-91,pKC-302,SS,206,379,354,361,,1.953,1.824,1.86
51,cMyc,ZF(5X),empty,ZF(7X),6,F,pKC-91,pKC-303,SS,206,360,368,357,,1.855,1.896,1.84
52,cMyc,ZF(7X),empty,ZF(WT),7,F,pKC-105,pKC-300,SS,206,328,310,304,,1.69,1.597,1.566
53,cMyc,ZF(7X),empty,ZF(5X),8,F,pKC-105,pKC-302,SS,206,358,332,340,,1.845,1.711,1.752
54,cMyc,ZF(7X),empty,ZF(7X),9,F,pKC-105,pKC-303,SS,206,338,309,316,,1.742,1.592,1.628
55,cMyc,ZF(WT),-,-,10,V,pKC-10,,SS,206,292,287,292,,1.505,1.479,1.505
56,cMyc,ZF(5X),-,-,11,V,pKC-91,,SS,206,287,292,286,,1.479,1.505,1.474
57,cMyc,ZF(7X),-,-,12,V,pKC-105,,SS,206,253,239,232,,1.304,1.232,1.195
58,-,-,-,-,13,V,,,SS,206,204,187,191,194,1.051,0.964,0.984
59,BRD4,ZF(WT),BRD4,ZF(WT),1,G,pKC-9,pKC-9,SS,206,455,414,414,,2.345,2.133,2.133
60,BRD4,ZF(WT),BRD4,ZF(5X),2,G,pKC-9,pKC-90,SS,206,414,418,378,,2.133,2.154,1.948
61,BRD4,ZF(WT),BRD4,ZF(7X),3,G,pKC-9,pKC-104,SS,206,410,394,369,,2.113,2.03,1.901
62,BRD4,ZF(5X),BRD4,ZF(WT),4,G,pKC-90,pKC-9,SS,206,468,424,449,,2.412,2.185,2.314
63,BRD4,ZF(5X),BRD4,ZF(5X),5,G,pKC-90,pKC-90,SS,206,448,455,459,,2.308,2.345,2.365
64,BRD4,ZF(5X),BRD4,ZF(7X),6,G,pKC-90,pKC-104,SS,206,437,397,467,,2.252,2.046,2.406
65,BRD4,ZF(7X),BRD4,ZF(WT),7,G,pKC-104,pKC-9,SS,206,404,438,396,,2.082,2.257,2.041
66,BRD4,ZF(7X),BRD4,ZF(5X),8,G,pKC-104,pKC-90,SS,206,384,376,377,,1.979,1.937,1.943
67,BRD4,ZF(7X),BRD4,ZF(7X),9,G,pKC-104,pKC-104,SS,206,374,327,352,,1.927,1.685,1.814
68,BRD4,ZF(WT),SP1,ZF(WT),1,H,pKC-9,pKC-14,SS,206,562,562,534,,2.896,2.896,2.752
69,BRD4,ZF(WT),SP1,ZF(5X),2,H,pKC-9,pKC-94,SS,206,621,609,605,,3.2,3.138,3.117
70,BRD4,ZF(WT),SP1,ZF(7X),3,H,pKC-9,pKC-108,SS,206,559,530,512,,2.88,2.731,2.638
71,BRD4,ZF(5X),SP1,ZF(WT),4,H,pKC-90,pKC-14,SS,206,558,540,518,,2.875,2.783,2.669
72,BRD4,ZF(5X),SP1,ZF(5X),5,H,pKC-90,pKC-94,SS,206,601,594,627,,3.097,3.061,3.231
73,BRD4,ZF(5X),SP1,ZF(7X),6,H,pKC-90,pKC-108,SS,206,558,555,582,,2.875,2.86,2.999
74,BRD4,ZF(7X),SP1,ZF(WT),7,H,pKC-104,pKC-14,SS,206,540,523,496,,2.783,2.695,2.556
75,BRD4,ZF(7X),SP1,ZF(5X),8,H,pKC-104,pKC-94,SS,206,545,563,540,,2.808,2.901,2.783
76,BRD4,ZF(7X),SP1,ZF(7X),9,H,pKC-104,pKC-108,SS,206,624,541,551,,3.215,2.788,2.839
77,BRD4,ZF(WT),HSF1m,ZF(WT),1,I,pKC-9,pKC-12,SS,206,567,564,577,,2.922,2.906,2.973
78,BRD4,ZF(WT),HSF1m,ZF(5X),2,I,pKC-9,pKC-93,SS,206,666,597,619,,3.432,3.076,3.19
79,BRD4,ZF(WT),HSF1m,ZF(7X),3,I,pKC-9,pKC-107,SS,206,502,482,486,,2.587,2.484,2.504
80,BRD4,ZF(5X),HSF1m,ZF(WT),4,I,pKC-90,pKC-12,SS,206,611,622,605,,3.148,3.205,3.117
81,BRD4,ZF(5X),HSF1m,ZF(5X),5,I,pKC-90,pKC-93,SS,206,718,697,669,,3.7,3.592,3.447
82,BRD4,ZF(5X),HSF1m,ZF(7X),6,I,pKC-90,pKC-107,SS,206,568,586,547,,2.927,3.02,2.819
83,BRD4,ZF(7X),HSF1m,ZF(WT),7,I,pKC-104,pKC-12,SS,206,625,554,582,,3.221,2.855,2.999
84,BRD4,ZF(7X),HSF1m,ZF(5X),8,I,pKC-104,pKC-93,SS,206,683,711,693,,3.519,3.664,3.571
85,BRD4,ZF(7X),HSF1m,ZF(7X),9,I,pKC-104,pKC-107,SS,206,572,569,540,,2.947,2.932,2.783
86,BRD4,ZF(WT),HSF1,ZF(WT),1,J,pKC-9,pKC-11,SS,206,719,651,638,,3.705,3.355,3.288
87,BRD4,ZF(WT),HSF1,ZF(5X),2,J,pKC-9,pKC-92,SS,206,554,572,577,,2.855,2.947,2.973
88,BRD4,ZF(WT),HSF1,ZF(7X),3,J,pKC-9,pKC-106,SS,206,466,514,433,,2.401,2.649,2.231
89,BRD4,ZF(5X),HSF1,ZF(WT),4,J,pKC-90,pKC-11,SS,206,705,687,732,,3.633,3.54,3.772
90,BRD4,ZF(5X),HSF1,ZF(5X),5,J,pKC-90,pKC-92,SS,206,649,670,701,,3.344,3.452,3.612
91,BRD4,ZF(5X),HSF1,ZF(7X),6,J,pKC-90,pKC-106,SS,206,497,522,518,,2.561,2.69,2.669
92,BRD4,ZF(7X),HSF1,ZF(WT),7,J,pKC-104,pKC-11,SS,206,768,737,698,,3.957,3.798,3.597
93,BRD4,ZF(7X),HSF1,ZF(5X),8,J,pKC-104,pKC-92,SS,206,796,709,697,,4.102,3.653,3.592
94,BRD4,ZF(7X),HSF1,ZF(7X),9,J,pKC-104,pKC-106,SS,206,550,538,546,,2.834,2.772,2.813
95,BRD4,ZF(WT),empty,ZF(WT),1,K,pKC-9,pKC-300,SS,206,341,339,323,,1.757,1.747,1.664
96,BRD4,ZF(WT),empty,ZF(5X),2,K,pKC-9,pKC-302,SS,206,385,372,349,,1.984,1.917,1.798
97,BRD4,ZF(WT),empty,ZF(7X),3,K,pKC-9,pKC-303,SS,206,355,362,314,,1.829,1.865,1.618
98,BRD4,ZF(5X),empty,ZF(WT),4,K,pKC-90,pKC-300,SS,206,341,281,313,,1.757,1.448,1.613
99,BRD4,ZF(5X),empty,ZF(5X),5,K,pKC-90,pKC-302,SS,206,399,350,372,,2.056,1.804,1.917
100,BRD4,ZF(5X),empty,ZF(7X),6,K,pKC-90,pKC-303,SS,206,438,383,397,,2.257,1.974,2.046
101,BRD4,ZF(7X),empty,ZF(WT),7,K,pKC-104,pKC-300,SS,206,304,294,269,,1.566,1.515,1.386
102,BRD4,ZF(7X),empty,ZF(5X),8,K,pKC-104,pKC-302,SS,206,352,315,315,,1.814,1.623,1.623
103,BRD4,ZF(7X),empty,ZF(7X),9,K,pKC-104,pKC-303,SS,206,326,313,302,,1.68,1.613,1.556
104,BRD4,ZF(WT),-,-,10,W,pKC-9,,SS,206,358,340,339,,1.845,1.752,1.747
105,BRD4,ZF(5X),-,-,11,W,pKC-90,,SS,206,355,338,324,,1.829,1.742,1.67
106,BRD4,ZF(7X),-,-,12,W,pKC-104,,SS,206,444,383,440,,2.288,1.974,2.267
107,-,-,-,-,13,W,,,SS,206,347,337,360,,1.788,1.737,1.855
108,SP1,ZF(WT),SP1,ZF(WT),1,L,pKC-14,pKC-14,SS,206,520,507,481,,2.679,2.613,2.479
109,SP1,ZF(WT),SP1,ZF(5X),2,L,pKC-14,pKC-94,SS,206,544,498,485,,2.803,2.566,2.499
110,SP1,ZF(WT),SP1,ZF(7X),3,L,pKC-14,pKC-108,SS,206,537,489,471,,2.767,2.52,2.427
111,SP1,ZF(5X),SP1,ZF(WT),4,L,pKC-94,pKC-14,SS,206,597,504,526,,3.076,2.597,2.71
112,SP1,ZF(5X),SP1,ZF(5X),5,L,pKC-94,pKC-94,SS,206,637,567,611,,3.282,2.922,3.148
113,SP1,ZF(5X),SP1,ZF(7X),6,L,pKC-94,pKC-108,SS,206,633,603,656,,3.262,3.107,3.38
114,SP1,ZF(7X),SP1,ZF(WT),7,L,pKC-108,pKC-14,SS,206,540,471,475,,2.783,2.427,2.448
115,SP1,ZF(7X),SP1,ZF(5X),8,L,pKC-108,pKC-94,SS,206,605,564,577,,3.117,2.906,2.973
116,SP1,ZF(7X),SP1,ZF(7X),9,L,pKC-108,pKC-108,SS,206,603,534,548,,3.107,2.752,2.824
117,SP1,ZF(WT),HSF1m,ZF(WT),1,M,pKC-14,pKC-12,SS,206,478,527,528,,2.463,2.716,2.721
118,SP1,ZF(WT),HSF1m,ZF(5X),2,M,pKC-14,pKC-93,SS,206,489,533,518,,2.52,2.746,2.669
119,SP1,ZF(WT),HSF1m,ZF(7X),3,M,pKC-14,pKC-107,SS,206,469,508,533,,2.417,2.618,2.746
120,SP1,ZF(5X),HSF1m,ZF(WT),4,M,pKC-94,pKC-12,SS,206,607,612,634,,3.128,3.154,3.267
121,SP1,ZF(5X),HSF1m,ZF(5X),5,M,pKC-94,pKC-93,SS,206,595,595,624,,3.066,3.066,3.215
122,SP1,ZF(5X),HSF1m,ZF(7X),6,M,pKC-94,pKC-107,SS,206,599,588,564,,3.087,3.03,2.906
123,SP1,ZF(7X),HSF1m,ZF(WT),7,M,pKC-108,pKC-12,SS,206,608,504,518,,3.133,2.597,2.669
124,SP1,ZF(7X),HSF1m,ZF(5X),8,M,pKC-108,pKC-93,SS,206,588,560,544,,3.03,2.886,2.803
125,SP1,ZF(7X),HSF1m,ZF(7X),9,M,pKC-108,pKC-107,SS,206,537,579,496,,2.767,2.984,2.556
126,SP1,ZF(WT),HSF1,ZF(WT),1,N,pKC-14,pKC-11,SS,206,564,535,535,,2.906,2.757,2.757
127,SP1,ZF(WT),HSF1,ZF(5X),2,N,pKC-14,pKC-92,SS,206,494,492,487,,2.546,2.535,2.509
128,SP1,ZF(WT),HSF1,ZF(7X),3,N,pKC-14,pKC-106,SS,206,467,459,426,,2.406,2.365,2.195
129,SP1,ZF(5X),HSF1,ZF(WT),4,N,pKC-94,pKC-11,SS,206,667,624,643,,3.437,3.215,3.313
130,SP1,ZF(5X),HSF1,ZF(5X),5,N,pKC-94,pKC-92,SS,206,567,533,588,,2.922,2.746,3.03
131,SP1,ZF(5X),HSF1,ZF(7X),6,N,pKC-94,pKC-106,SS,206,529,518,548,,2.726,2.669,2.824
132,SP1,ZF(7X),HSF1,ZF(WT),7,N,pKC-108,pKC-11,SS,206,639,625,547,,3.293,3.221,2.819
133,SP1,ZF(7X),HSF1,ZF(5X),8,N,pKC-108,pKC-92,SS,206,567,566,500,,2.922,2.917,2.576
134,SP1,ZF(7X),HSF1,ZF(7X),9,N,pKC-108,pKC-106,SS,206,533,492,499,,2.746,2.535,2.571
135,SP1,ZF(WT),empty,ZF(WT),1,O,pKC-14,pKC-300,SS,206,358,374,391,,1.845,1.927,2.015
136,SP1,ZF(WT),empty,ZF(5X),2,O,pKC-14,pKC-302,SS,206,421,427,435,,2.169,2.2,2.241
137,SP1,ZF(WT),empty,ZF(7X),3,O,pKC-14,pKC-303,SS,206,478,447,452,,2.463,2.303,2.329
138,SP1,ZF(5X),empty,ZF(WT),4,O,pKC-94,pKC-300,SS,206,386,376,388,,1.989,1.937,1.999
139,SP1,ZF(5X),empty,ZF(5X),5,O,pKC-94,pKC-302,SS,206,474,470,501,,2.442,2.422,2.582
140,SP1,ZF(5X),empty,ZF(7X),6,O,pKC-94,pKC-303,SS,206,479,534,497,,2.468,2.752,2.561
141,SP1,ZF(7X),empty,ZF(WT),7,O,pKC-108,pKC-300,SS,206,341,303,306,,1.757,1.561,1.577
142,SP1,ZF(7X),empty,ZF(5X),8,O,pKC-108,pKC-302,SS,206,427,383,411,,2.2,1.974,2.118
143,SP1,ZF(7X),empty,ZF(7X),9,O,pKC-108,pKC-303,SS,206,465,430,436,,2.396,2.216,2.247
144,SP1,ZF(WT),-,-,10,X,pKC-14,,SS,206,513,424,417,,2.643,2.185,2.149
145,SP1,ZF(5X),-,-,11,X,pKC-94,,SS,206,581,487,490,,2.994,2.509,2.525
146,SP1,ZF(7X),-,-,12,X,pKC-108,,SS,206,532,460,455,,2.741,2.37,2.345
147,-,-,-,-,13,X,,,SS,206,201,180,182,187.6666667,1.036,0.928,0.938
148,HSF1m,ZF(WT),HSF1m,ZF(WT),1,P,pKC-12,pKC-12,SS,206,561,519,536,,2.891,2.674,2.762
149,HSF1m,ZF(WT),HSF1m,ZF(5X),2,P,pKC-12,pKC-93,SS,206,590,531,557,,3.04,2.736,2.87
150,HSF1m,ZF(WT),HSF1m,ZF(7X),3,P,pKC-12,pKC-107,SS,206,559,519,n/a,,2.88,2.674,
151,HSF1m,ZF(5X),HSF1m,ZF(WT),4,P,pKC-93,pKC-12,SS,206,597,540,564,,3.076,2.783,2.906
152,HSF1m,ZF(5X),HSF1m,ZF(5X),5,P,pKC-93,pKC-93,SS,206,632,575,631,,3.257,2.963,3.251
153,HSF1m,ZF(5X),HSF1m,ZF(7X),6,P,pKC-93,pKC-107,SS,206,591,591,618,,3.045,3.045,3.184
154,HSF1m,ZF(7X),HSF1m,ZF(WT),7,P,pKC-107,pKC-12,SS,206,546,536,498,,2.813,2.762,2.566
155,HSF1m,ZF(7X),HSF1m,ZF(5X),8,P,pKC-107,pKC-93,SS,206,623,586,596,,3.21,3.02,3.071
156,HSF1m,ZF(7X),HSF1m,ZF(7X),9,P,pKC-107,pKC-107,SS,206,543,530,493,,2.798,2.731,2.54
157,HSF1m,ZF(WT),HSF1,ZF(WT),1,Q,pKC-12,pKC-11,SS,206,608,659,746,,3.133,3.396,3.844
158,HSF1m,ZF(WT),HSF1,ZF(5X),2,Q,pKC-12,pKC-92,SS,206,641,746,719,,3.303,3.844,3.705
159,HSF1m,ZF(WT),HSF1,ZF(7X),3,Q,pKC-12,pKC-106,SS,206,598,625,619,,3.081,3.221,3.19
160,HSF1m,ZF(5X),HSF1,ZF(WT),4,Q,pKC-93,pKC-11,SS,206,806,792,828,,4.153,4.081,4.267
161,HSF1m,ZF(5X),HSF1,ZF(5X),5,Q,pKC-93,pKC-92,SS,206,847,783,766,,4.364,4.035,3.947
162,HSF1m,ZF(5X),HSF1,ZF(7X),6,Q,pKC-93,pKC-106,SS,206,734,697,726,,3.782,3.592,3.741
163,HSF1m,ZF(7X),HSF1,ZF(WT),7,Q,pKC-107,pKC-11,SS,206,879,811,752,,4.529,4.179,3.875
164,HSF1m,ZF(7X),HSF1,ZF(5X),8,Q,pKC-107,pKC-92,SS,206,876,772,797,,4.514,3.978,4.107
165,HSF1m,ZF(7X),HSF1,ZF(7X),9,Q,pKC-107,pKC-106,SS,206,693,598,614,,3.571,3.081,3.164
166,HSF1m,ZF(WT),empty,ZF(WT),1,R,pKC-12,pKC-300,SS,206,440,435,436,,2.267,2.241,2.247
167,HSF1m,ZF(WT),empty,ZF(5X),2,R,pKC-12,pKC-302,SS,206,519,481,532,,2.674,2.479,2.741
168,HSF1m,ZF(WT),empty,ZF(7X),3,R,pKC-12,pKC-303,SS,206,565,504,525,,2.911,2.597,2.705
169,HSF1m,ZF(5X),empty,ZF(WT),4,R,pKC-93,pKC-300,SS,206,449,411,442,,2.314,2.118,2.278
170,HSF1m,ZF(5X),empty,ZF(5X),5,R,pKC-93,pKC-302,SS,206,553,523,585,,2.85,2.695,3.014
171,HSF1m,ZF(5X),empty,ZF(7X),6,R,pKC-93,pKC-303,SS,206,672,618,623,,3.463,3.184,3.21
172,HSF1m,ZF(7X),empty,ZF(WT),7,R,pKC-107,pKC-300,SS,206,355,332,310,,1.829,1.711,1.597
173,HSF1m,ZF(7X),empty,ZF(5X),8,R,pKC-107,pKC-302,SS,206,443,408,409,,2.283,2.102,2.108
174,HSF1m,ZF(7X),empty,ZF(7X),9,R,pKC-107,pKC-303,SS,206,474,464,473,,2.442,2.391,2.437
175,HSF1m,ZF(WT),-,-,10,Y,pKC-12,,SS,206,586,504,506,,3.02,2.597,2.607
176,HSF1m,ZF(5X),-,-,11,Y,pKC-93,,SS,206,622,572,570,,3.205,2.947,2.937
177,HSF1m,ZF(7X),-,-,12,Y,pKC-107,,SS,206,496,452,452,,2.556,2.329,2.329
178,-,-,-,-,13,Y,,,SS,206,202,186,183,190.3333333,1.041,0.958,0.943
179,HSF1,ZF(WT),HSF1,ZF(WT),1,S,pKC-11,pKC-11,SS,206,660,612,660,,3.401,3.154,3.401
180,HSF1,ZF(WT),HSF1,ZF(5X),2,S,pKC-11,pKC-92,SS,206,724,653,691,,3.731,3.365,3.561
181,HSF1,ZF(WT),HSF1,ZF(7X),3,S,pKC-11,pKC-106,SS,206,699,641,649,,3.602,3.303,3.344
182,HSF1,ZF(5X),HSF1,ZF(WT),4,S,pKC-92,pKC-11,SS,206,752,706,711,,3.875,3.638,3.664
183,HSF1,ZF(5X),HSF1,ZF(5X),5,S,pKC-92,pKC-92,SS,206,824,776,746,,4.246,3.999,3.844
184,HSF1,ZF(5X),HSF1,ZF(7X),6,S,pKC-92,pKC-106,SS,206,773,732,700,,3.983,3.772,3.607
185,HSF1,ZF(7X),HSF1,ZF(WT),7,S,pKC-106,pKC-11,SS,206,608,623,541,,3.133,3.21,2.788
186,HSF1,ZF(7X),HSF1,ZF(5X),8,S,pKC-106,pKC-92,SS,206,730,675,658,,3.762,3.478,3.391
187,HSF1,ZF(7X),HSF1,ZF(7X),9,S,pKC-106,pKC-106,SS,206,574,547,551,,2.958,2.819,2.839
188,HSF1,ZF(WT),empty,ZF(WT),1,T,pKC-11,pKC-300,SS,206,385,375,386,,1.984,1.932,1.989
189,HSF1,ZF(WT),empty,ZF(5X),2,T,pKC-11,pKC-302,SS,206,543,509,508,,2.798,2.623,2.618
190,HSF1,ZF(WT),empty,ZF(7X),3,T,pKC-11,pKC-303,SS,206,571,585,559,,2.942,3.014,2.88
191,HSF1,ZF(5X),empty,ZF(WT),4,T,pKC-92,pKC-300,SS,206,356,330,339,,1.834,1.7,1.747
192,HSF1,ZF(5X),empty,ZF(5X),5,T,pKC-92,pKC-302,SS,206,510,500,503,,2.628,2.576,2.592
193,HSF1,ZF(5X),empty,ZF(7X),6,T,pKC-92,pKC-303,SS,206,616,580,567,,3.174,2.989,2.922
194,HSF1,ZF(7X),empty,ZF(WT),7,T,pKC-106,pKC-300,SS,206,281,261,255,,1.448,1.345,1.314
195,HSF1,ZF(7X),empty,ZF(5X),8,T,pKC-106,pKC-302,SS,206,340,337,331,,1.752,1.737,1.706
196,HSF1,ZF(7X),empty,ZF(7X),9,T,pKC-106,pKC-303,SS,206,398,380,362,,2.051,1.958,1.865
197,HSF1,ZF(WT),-,-,10,Z,pKC-11,,SS,206,672,681,669,,3.463,3.509,3.447
198,HSF1,ZF(5X),-,-,11,Z,pKC-92,,SS,206,707,724,700,,3.643,3.731,3.607
199,HSF1,ZF(7X),-,-,12,Z,pKC-106,,SS,206,496,504,502,,2.556,2.597,2.587
200,-,-,-,-,13,Z,,,SS,206,205,200,200,201.6666667,1.056,1.031,1.031
201,empty,ZF(WT),empty,ZF(WT),1,U,pKC-300,pKC-300,SS,206,227,248,242,,1.17,1.278,1.247
202,empty,ZF(WT),empty,ZF(5X),2,U,pKC-300,pKC-302,SS,206,267,260,256,,1.376,1.34,1.319
203,empty,ZF(WT),empty,ZF(7X),3,U,pKC-300,pKC-303,SS,206,278,253,239,,1.432,1.304,1.232
204,empty,ZF(5X),empty,ZF(WT),4,U,pKC-302,pKC-300,SS,206,290,271,276,,1.494,1.396,1.422
205,empty,ZF(5X),empty,ZF(5X),5,U,pKC-302,pKC-302,SS,206,334,308,332,,1.721,1.587,1.711
206,empty,ZF(5X),empty,ZF(7X),6,U,pKC-302,pKC-303,SS,206,307,321,304,,1.582,1.654,1.566
207,empty,ZF(7X),empty,ZF(WT),7,U,pKC-303,pKC-300,SS,206,261,246,239,,1.345,1.268,1.232
208,empty,ZF(7X),empty,ZF(5X),8,U,pKC-303,pKC-302,SS,206,312,302,283,,1.608,1.556,1.458
209,empty,ZF(7X),empty,ZF(7X),9,U,pKC-303,pKC-303,SS,206,297,270,256,,1.53,1.391,1.319
210,empty,ZF(WT),-,-,10,AA,pKC-300,,SS,206,266,257,261,,1.371,1.324,1.345
211,empty,ZF(5X),-,-,11,AA,pKC-302,,SS,206,316,313,312,,1.628,1.613,1.608
212,empty,ZF(7X),-,-,12,AA,pKC-303,,SS,206,268,255,264,,1.381,1.314,1.36
213,-,-,-,-,13,AA,,,SS,206,198,190,202,196.6666667,1.02,0.979,1.041